t,throttle,rpm
0.0000,0.1200,0.0000
0.0100,0.1200,0.0000
0.0200,0.1200,0.0000
0.0300,0.1200,0.0000
0.0400,0.1200,0.0000
0.0500,0.1200,0.0000
0.0600,0.1200,0.0000
0.0700,0.1200,0.0000
0.0800,0.1200,0.0000
0.0900,0.1200,0.0000
0.1000,0.1200,0.0000
0.1100,0.1200,0.0000
0.1200,0.1200,0.0000
0.1300,0.1200,0.0000
0.1400,0.1200,0.0000
0.1500,0.1200,0.0000
0.1600,0.1200,0.0000
0.1700,0.1200,0.0000
0.1800,0.1200,0.0000
0.1900,0.1200,0.0000
0.2000,0.1200,0.0000
0.2100,0.1200,0.0000
0.2200,0.1200,0.0000
0.2300,0.1200,0.0000
0.2400,0.1200,0.0000
0.2500,0.1200,0.0000
0.2600,0.1200,0.0000
0.2700,0.1200,0.0000
0.2800,0.1200,0.0000
0.2900,0.1200,0.0000
0.3000,0.1200,0.0000
0.3100,0.1200,0.0000
0.3200,0.1200,0.0000
0.3300,0.1200,0.0000
0.3400,0.1200,0.0000
0.3500,0.1284,0.0000
0.3600,0.1545,0.0000
0.3700,0.2007,0.0000
0.3800,0.2666,0.0009
0.3900,0.3485,0.0028
0.4000,0.4401,0.0059
0.4100,0.5323,0.0099
0.4200,0.6107,0.0147
0.4300,0.6580,0.0206
0.4400,0.6876,0.0272
0.4500,0.6996,0.0338
0.4600,0.6775,0.0391
0.4700,0.6124,0.0453
0.4800,0.5171,0.0506
0.4900,0.4130,0.0551
0.5000,0.2770,0.0563
0.5100,0.1568,0.0562
0.5200,0.0733,0.0541
0.5300,0.0314,0.0505
0.5400,0.0000,0.0457
0.5500,0.0000,0.0412
0.5600,0.0000,0.0340
0.5700,0.0000,0.0268
0.5800,0.0000,0.0193
0.5900,0.0000,0.0141
0.6000,0.0000,0.0094
0.6100,0.0241,0.0056
0.6200,0.0481,0.0025
0.6300,0.0721,0.0008
0.6400,0.0961,0.0000
0.6500,0.1201,0.0000
0.6600,0.1200,0.0000
0.6700,0.1200,0.0000
0.6800,0.1291,0.0000
0.6900,0.1546,0.0000
0.7000,0.2037,0.0000
0.7100,0.2591,0.0010
0.7200,0.3020,0.0028
0.7300,0.3600,0.0063
0.7400,0.4403,0.0087
0.7500,0.5097,0.0108
0.7600,0.5698,0.0158
0.7700,0.6315,0.0221
0.7800,0.6520,0.0284
0.7900,0.6062,0.0343
0.8000,0.5283,0.0393
0.8100,0.4434,0.0432
0.8200,0.3450,0.0452
0.8300,0.2335,0.0470
0.8400,0.1494,0.0479
0.8500,0.0848,0.0440
0.8600,0.0303,0.0388
0.8700,0.0000,0.0333
0.8800,0.0000,0.0274
0.8900,0.0000,0.0214
0.9000,0.0000,0.0157
0.9100,0.0000,0.0102
0.9200,0.0242,0.0060
0.9300,0.0483,0.0030
0.9400,0.0723,0.0018
0.9500,0.0963,0.0008
0.9600,0.1218,0.0000
0.9700,0.1372,0.0000
0.9800,0.1806,0.0000
0.9900,0.2335,0.0002
1.0000,0.2745,0.0017
1.0100,0.3188,0.0049
1.0200,0.3698,0.0074
1.0300,0.4147,0.0092
1.0400,0.4616,0.0122
1.0500,0.5137,0.0163
1.0600,0.5408,0.0216
1.0700,0.5137,0.0268
1.0800,0.4429,0.0314
1.0900,0.3490,0.0343
1.1000,0.2606,0.0352
1.1100,0.1635,0.0358
1.1200,0.1001,0.0353
1.1300,0.0585,0.0334
1.1400,0.0286,0.0298
1.1500,0.0000,0.0246
1.1600,0.0000,0.0194
1.1700,0.0000,0.0147
1.1800,0.0000,0.0102
1.1900,0.0242,0.0062
1.2000,0.0483,0.0031
1.2100,0.0723,0.0017
1.2200,0.0963,0.0006
1.2300,0.1203,0.0002
1.2400,0.1201,0.0000
1.2500,0.1218,0.0000
1.2600,0.1401,0.0000
1.2700,0.1929,0.0000
1.2800,0.2542,0.0002
1.2900,0.3036,0.0020
1.3000,0.3660,0.0059
1.3100,0.4328,0.0086
1.3200,0.4804,0.0112
1.3300,0.5281,0.0154
1.3400,0.5811,0.0202
1.3500,0.6010,0.0260
1.3600,0.5578,0.0317
1.3700,0.4693,0.0367
1.3800,0.3656,0.0403
1.3900,0.2393,0.0407
1.4000,0.1311,0.0410
1.4100,0.0652,0.0394
1.4200,0.0294,0.0356
1.4300,0.0000,0.0308
1.4400,0.0000,0.0250
1.4500,0.0000,0.0194
1.4600,0.0000,0.0141
1.4700,0.0000,0.0087
1.4800,0.0241,0.0044
1.4900,0.0481,0.0015
1.5000,0.0721,0.0005
1.5100,0.0961,0.0000
1.5200,0.1201,0.0000
1.5300,0.1275,0.0000
1.5400,0.1496,0.0000
1.5500,0.1908,0.0000
1.5600,0.2482,0.0008
1.5700,0.2944,0.0024
1.5800,0.3128,0.0053
1.5900,0.3205,0.0086
1.6000,0.3322,0.0102
1.6100,0.3465,0.0112
1.6200,0.3683,0.0133
1.6300,0.3893,0.0168
1.6400,0.3824,0.0208
1.6500,0.3329,0.0239
1.6600,0.2646,0.0256
1.6700,0.1997,0.0260
1.6800,0.1559,0.0251
1.6900,0.1089,0.0239
1.7000,0.0814,0.0229
1.7100,0.0542,0.0209
1.7200,0.0270,0.0173
1.7300,0.0000,0.0133
1.7400,0.0000,0.0094
1.7500,0.0241,0.0062
1.7600,0.0481,0.0028
1.7700,0.0721,0.0005
1.7800,0.0961,0.0000
1.7900,0.1201,0.0000
1.8000,0.1200,0.0000
1.8100,0.1200,0.0000
1.8200,0.1349,0.0000
1.8300,0.1735,0.0000
1.8400,0.2290,0.0000
1.8500,0.2886,0.0016
1.8600,0.3355,0.0042
1.8700,0.3618,0.0076
1.8800,0.3668,0.0106
1.8900,0.3563,0.0125
1.9000,0.3558,0.0149
1.9100,0.3706,0.0171
1.9200,0.3893,0.0195
1.9300,0.4269,0.0232
1.9400,0.5124,0.0259
1.9500,0.6294,0.0294
1.9600,0.7437,0.0343
1.9700,0.8598,0.0431
1.9800,0.9545,0.0555
1.9900,1.0000,0.0727
2.0000,1.0000,0.0937
2.0100,1.0000,0.1194
2.0200,1.0000,0.1466
2.0300,1.0000,0.1748
2.0400,1.0000,0.2043
2.0500,1.0000,0.2316
2.0600,1.0000,0.2567
2.0700,1.0000,0.2796
2.0800,0.9264,0.2965
2.0900,0.7918,0.3089
2.1000,0.5918,0.3150
2.1100,0.3918,0.3156
2.1200,0.1918,0.3136
2.1300,0.0654,0.3046
2.1400,0.0000,0.2943
2.1500,0.0000,0.2812
2.1600,0.0000,0.2665
2.1700,0.0000,0.2530
2.1800,0.0000,0.2409
2.1900,0.0000,0.2301
2.2000,0.0952,0.2233
2.2100,0.2280,0.2182
2.2200,0.3950,0.2192
2.2300,0.5761,0.2228
2.2400,0.7556,0.2278
2.2500,0.8426,0.2351
2.2600,0.8694,0.2416
2.2700,0.8242,0.2485
2.2800,0.7345,0.2552
2.2900,0.6136,0.2597
2.3000,0.4897,0.2622
2.3100,0.3301,0.2632
2.3200,0.2083,0.2618
2.3300,0.1169,0.2601
2.3400,0.0584,0.2547
2.3500,0.0000,0.2496
2.3600,0.0000,0.2407
2.3700,0.0000,0.2313
2.3800,0.0000,0.2214
2.3900,0.0000,0.2119
2.4000,0.0000,0.2012
2.4100,0.0000,0.1908
2.4200,0.0000,0.1805
2.4300,0.0000,0.1723
2.4400,0.0000,0.1622
2.4500,0.0000,0.1556
2.4600,0.0000,0.1507
2.4700,0.0000,0.1454
2.4800,0.0000,0.1410
2.4900,0.0000,0.1374
2.5000,0.0000,0.1337
2.5100,0.0408,0.1315
2.5200,0.0408,0.1287
2.5300,0.0408,0.1276
2.5400,0.0408,0.1254
2.5500,0.0803,0.1223
2.5600,0.0790,0.1206
2.5700,0.1184,0.1183
2.5800,0.1577,0.1175
2.5900,0.1969,0.1176
2.6000,0.1965,0.1161
2.6100,0.1963,0.1159
2.6200,0.1568,0.1157
2.6300,0.1562,0.1156
2.6400,0.1170,0.1129
2.6500,0.0778,0.1111
2.6600,0.0386,0.1096
2.6700,0.0386,0.1062
2.6800,0.0000,0.1024
2.6900,0.0000,0.0983
2.7000,0.0000,0.0937
2.7100,0.0000,0.0853
2.7200,0.0000,0.0796
2.7300,0.0000,0.0763
2.7400,0.0000,0.0730
2.7500,0.0000,0.0696
2.7600,0.0000,0.0662
2.7700,0.0311,0.0629
2.7800,0.0624,0.0585
2.7900,0.0935,0.0542
2.8000,0.1283,0.0553
2.8100,0.1594,0.0540
2.8200,0.1283,0.0543
2.8300,0.0970,0.0544
2.8400,0.0659,0.0522
2.8500,0.0311,0.0477
2.8600,0.0000,0.0424
2.8700,0.0000,0.0399
2.8800,0.0000,0.0376
2.8900,0.0000,0.0349
2.9000,0.0000,0.0322
2.9100,0.0000,0.0279
2.9200,0.0259,0.0213
2.9300,0.0517,0.0165
2.9400,0.0517,0.0145
2.9500,0.0517,0.0134
2.9600,0.0517,0.0112
2.9700,0.0258,0.0090
2.9800,0.0241,0.0061
2.9900,0.0481,0.0032
3.0000,0.0721,0.0006
3.0100,0.0961,0.0000
3.0200,0.1201,0.0000
3.0300,0.1200,0.0000
3.0400,0.1200,0.0000
3.0500,0.1200,0.0000
3.0600,0.1200,0.0000
3.0700,0.1298,0.0000
3.0800,0.1545,0.0000
3.0900,0.1806,0.0000
3.1000,0.2025,0.0011
3.1100,0.2230,0.0027
3.1200,0.2340,0.0039
3.1300,0.2226,0.0050
3.1400,0.1992,0.0060
3.1500,0.1820,0.0072
3.1600,0.1625,0.0074
3.1700,0.1426,0.0074
3.1800,0.1318,0.0078
3.1900,0.1483,0.0067
3.2000,0.1472,0.0057
3.2100,0.1471,0.0069
3.2200,0.1471,0.0077
3.2300,0.1570,0.0072
3.2400,0.1615,0.0063
3.2500,0.2096,0.0066
3.2600,0.2827,0.0075
3.2700,0.3572,0.0090
3.2800,0.4393,0.0130
3.2900,0.5387,0.0169
3.3000,0.6270,0.0210
3.3100,0.7035,0.0269
3.3200,0.7897,0.0340
3.3300,0.8712,0.0416
3.3400,0.9239,0.0498
3.3500,0.9599,0.0585
3.3600,0.9855,0.0682
3.3700,1.0000,0.0772
3.3800,1.0000,0.0880
3.3900,1.0000,0.0984
3.4000,1.0000,0.1102
3.4100,1.0000,0.1245
3.4200,1.0000,0.1396
3.4300,1.0000,0.1534
3.4400,1.0000,0.1691
3.4500,1.0000,0.1845
3.4600,1.0000,0.2004
3.4700,1.0000,0.2150
3.4800,1.0000,0.2286
3.4900,1.0000,0.2400
3.5000,1.0000,0.2515
3.5100,1.0000,0.2628
3.5200,1.0000,0.2744
3.5300,1.0000,0.2827
3.5400,1.0000,0.2915
3.5500,1.0000,0.2998
3.5600,1.0000,0.3101
3.5700,1.0000,0.3197
3.5800,1.0000,0.3282
3.5900,1.0000,0.3359
3.6000,1.0000,0.3437
3.6100,1.0000,0.3547
3.6200,1.0000,0.3659
3.6300,1.0000,0.3762
3.6400,1.0000,0.3867
3.6500,1.0000,0.3950
3.6600,1.0000,0.4050
3.6700,1.0000,0.4183
3.6800,1.0000,0.4322
3.6900,1.0000,0.4451
3.7000,1.0000,0.4550
3.7100,1.0000,0.4652
3.7200,0.9940,0.4741
3.7300,0.9488,0.4814
3.7400,0.8570,0.4878
3.7500,0.7460,0.4929
3.7600,0.6350,0.4950
3.7700,0.5300,0.4950
3.7800,0.4642,0.4950
3.7900,0.4450,0.4950
3.8000,0.4450,0.4950
3.8100,0.4450,0.4950
3.8200,0.4450,0.4950
3.8300,0.4450,0.4950
3.8400,0.4450,0.4950
3.8500,0.4450,0.4950
3.8600,0.4450,0.4950
3.8700,0.4450,0.4950
3.8800,0.4450,0.4950
3.8900,0.4450,0.4950
3.9000,0.4450,0.4950
3.9100,0.4450,0.4950
3.9200,0.4450,0.4950
3.9300,0.4450,0.4950
3.9400,0.4450,0.4950
3.9500,0.4450,0.4950
3.9600,0.4450,0.4950
3.9700,0.4450,0.4950
3.9800,0.4450,0.4950
3.9900,0.4450,0.4950
4.0000,0.4450,0.4950
4.0100,0.4450,0.4950
4.0200,0.4450,0.4950
4.0300,0.4450,0.4950
4.0400,0.4450,0.4950
4.0500,0.4450,0.4950
4.0600,0.4450,0.4950
4.0700,0.4448,0.4950
4.0800,0.3558,0.4946
4.0900,0.2668,0.4936
4.1000,0.1778,0.4915
4.1100,0.0888,0.4886
4.1200,0.0000,0.4857
4.1300,0.0000,0.4829
4.1400,0.0000,0.4798
4.1500,0.0000,0.4749
4.1600,0.0000,0.4697
4.1700,0.0000,0.4645
4.1800,0.0000,0.4603
4.1900,0.0000,0.4561
4.2000,0.0000,0.4510
4.2100,0.0000,0.4456
4.2200,0.0000,0.4397
4.2300,0.0000,0.4325
4.2400,0.0000,0.4263
4.2500,0.0000,0.4190
4.2600,0.0000,0.4100
4.2700,0.0000,0.3998
4.2800,0.0000,0.3903
4.2900,0.0000,0.3817
4.3000,0.0000,0.3717
4.3100,0.0000,0.3620
4.3200,0.0000,0.3528
4.3300,0.0000,0.3437
4.3400,0.0000,0.3360
4.3500,0.0000,0.3288
4.3600,0.0000,0.3219
4.3700,0.0000,0.3143
4.3800,0.0000,0.3066
4.3900,0.0000,0.2995
4.4000,0.0000,0.2919
4.4100,0.0000,0.2842
4.4200,0.0000,0.2763
4.4300,0.0000,0.2676
4.4400,0.0000,0.2593
4.4500,0.0000,0.2500
4.4600,0.0000,0.2396
4.4700,0.0000,0.2303
4.4800,0.0000,0.2208
4.4900,0.0000,0.2117
4.5000,0.0000,0.2026
4.5100,0.0000,0.1938
4.5200,0.0000,0.1849
4.5300,0.0000,0.1766
4.5400,0.0000,0.1696
4.5500,0.0000,0.1637
4.5600,0.0000,0.1572
4.5700,0.0000,0.1515
4.5800,0.0000,0.1454
4.5900,0.0000,0.1402
4.6000,0.0000,0.1348
4.6100,0.0000,0.1301
4.6200,0.0000,0.1265
4.6300,0.0396,0.1229
4.6400,0.0791,0.1204
4.6500,0.1186,0.1191
4.6600,0.1708,0.1180
4.6700,0.2421,0.1175
4.6800,0.2736,0.1171
4.6900,0.3187,0.1189
4.7000,0.3755,0.1205
4.7100,0.4036,0.1223
4.7200,0.3929,0.1253
4.7300,0.3776,0.1284
4.7400,0.3447,0.1296
4.7500,0.2898,0.1305
4.7600,0.2505,0.1312
4.7700,0.1900,0.1316
4.7800,0.1341,0.1300
4.7900,0.0824,0.1283
4.8000,0.0411,0.1261
4.8100,0.0000,0.1224
4.8200,0.0000,0.1179
4.8300,0.0000,0.1143
4.8400,0.0000,0.1083
4.8500,0.0000,0.1019
4.8600,0.0000,0.0959
4.8700,0.0000,0.0907
4.8800,0.0000,0.0855
4.8900,0.0000,0.0792
4.9000,0.0000,0.0739
4.9100,0.0000,0.0690
4.9200,0.0000,0.0640
4.9300,0.0000,0.0599
4.9400,0.0000,0.0577
4.9500,0.0000,0.0553
4.9600,0.0000,0.0520
4.9700,0.0000,0.0494
4.9800,0.0000,0.0477
4.9900,0.0294,0.0452
5.0000,0.0586,0.0428
5.0100,0.0876,0.0410
5.0200,0.1164,0.0399
5.0300,0.1450,0.0379
5.0400,0.1156,0.0365
5.0500,0.0864,0.0353
5.0600,0.0574,0.0330
5.0700,0.0286,0.0298
5.0800,0.0000,0.0269
5.0900,0.0000,0.0242
5.1000,0.0000,0.0213
5.1100,0.0000,0.0196
5.1200,0.0256,0.0170
5.1300,0.0510,0.0137
5.1400,0.0764,0.0120
5.1500,0.1016,0.0111
5.1600,0.1269,0.0101
5.1700,0.1265,0.0098
5.1800,0.1378,0.0095
5.1900,0.1676,0.0090
5.2000,0.1917,0.0088
5.2100,0.2223,0.0103
5.2200,0.2750,0.0121
5.2300,0.3034,0.0129
5.2400,0.2995,0.0154
5.2500,0.3192,0.0185
5.2600,0.3342,0.0196
5.2700,0.3139,0.0212
5.2800,0.3013,0.0242
5.2900,0.2998,0.0259
5.3000,0.2586,0.0275
5.3100,0.1878,0.0286
5.3200,0.1574,0.0299
5.3300,0.1321,0.0275
5.3400,0.0824,0.0250
5.3500,0.0545,0.0246
5.3600,0.0545,0.0227
5.3700,0.0272,0.0189
5.3800,0.0000,0.0172
5.3900,0.0251,0.0140
5.4000,0.0501,0.0110
5.4100,0.0749,0.0080
5.4200,0.0996,0.0077
5.4300,0.1427,0.0066
5.4400,0.1636,0.0049
5.4500,0.1936,0.0056
5.4600,0.2448,0.0069
5.4700,0.3031,0.0078
5.4800,0.3508,0.0102
5.4900,0.4294,0.0134
5.5000,0.5251,0.0164
5.5100,0.6040,0.0204
5.5200,0.6887,0.0271
5.5300,0.7947,0.0338
5.5400,0.8702,0.0408
5.5500,0.9194,0.0488
5.5600,0.9645,0.0589
5.5700,0.9968,0.0701
5.5800,1.0000,0.0859
5.5900,1.0000,0.1032
5.6000,1.0000,0.1199
5.6100,1.0000,0.1361
5.6200,1.0000,0.1556
5.6300,1.0000,0.1756
5.6400,1.0000,0.1967
5.6500,1.0000,0.2163
5.6600,1.0000,0.2351
5.6700,1.0000,0.2506
5.6800,1.0000,0.2652
5.6900,1.0000,0.2797
5.7000,1.0000,0.2925
5.7100,0.9974,0.3017
5.7200,0.9727,0.3090
5.7300,0.9278,0.3168
5.7400,0.8835,0.3233
5.7500,0.8507,0.3286
5.7600,0.8533,0.3329
5.7700,0.8780,0.3382
5.7800,0.9229,0.3436
5.7900,0.9672,0.3526
5.8000,1.0000,0.3634
5.8100,1.0000,0.3758
5.8200,1.0000,0.3892
5.8300,1.0000,0.4049
5.8400,1.0000,0.4217
5.8500,1.0000,0.4375
5.8600,1.0000,0.4517
5.8700,1.0000,0.4649
5.8800,0.9812,0.4752
5.8900,0.9092,0.4840
5.9000,0.8065,0.4907
5.9100,0.6955,0.4941
5.9200,0.5845,0.4950
5.9300,0.4923,0.4950
5.9400,0.4533,0.4950
5.9500,0.4450,0.4950
5.9600,0.4450,0.4950
5.9700,0.4450,0.4950
5.9800,0.4450,0.4950
5.9900,0.4450,0.4950
6.0000,0.4450,0.4950
6.0100,0.4450,0.4950
6.0200,0.4450,0.4950
6.0300,0.4450,0.4950
6.0400,0.4450,0.4950
6.0500,0.4450,0.4950
6.0600,0.4450,0.4950
6.0700,0.4450,0.4950
6.0800,0.4450,0.4950
6.0900,0.4450,0.4950
6.1000,0.4450,0.4950
6.1100,0.4449,0.4949
6.1200,0.4447,0.4947
6.1300,0.4443,0.4945
6.1400,0.4438,0.4937
6.1500,0.3548,0.4921
6.1600,0.2659,0.4904
6.1700,0.1770,0.4884
6.1800,0.0884,0.4861
6.1900,0.0000,0.4832
6.2000,0.0000,0.4800
6.2100,0.0000,0.4761
6.2200,0.0000,0.4723
6.2300,0.0000,0.4682
6.2400,0.0000,0.4637
6.2500,0.0000,0.4585
6.2600,0.0000,0.4532
6.2700,0.0000,0.4485
6.2800,0.0000,0.4438
6.2900,0.0000,0.4396
6.3000,0.0000,0.4359
6.3100,0.0000,0.4319
6.3200,0.0000,0.4287
6.3300,0.0000,0.4255
6.3400,0.0000,0.4222
6.3500,0.0000,0.4181
6.3600,0.0000,0.4130
6.3700,0.0000,0.4067
6.3800,0.0000,0.3996
6.3900,0.0000,0.3920
6.4000,0.0000,0.3838
6.4100,0.0000,0.3743
6.4200,0.0000,0.3651
6.4300,0.0000,0.3553
6.4400,0.0000,0.3455
6.4500,0.0000,0.3360
6.4600,0.0000,0.3274
6.4700,0.0000,0.3190
6.4800,0.0000,0.3102
6.4900,0.0000,0.3046
6.5000,0.0000,0.2994
6.5100,0.0000,0.2939
6.5200,0.0000,0.2892
6.5300,0.0000,0.2842
6.5400,0.0000,0.2786
6.5500,0.0000,0.2727
6.5600,0.0000,0.2666
6.5700,0.0000,0.2604
6.5800,0.0000,0.2512
6.5900,0.0000,0.2427
6.6000,0.0000,0.2347
6.6100,0.0000,0.2241
6.6200,0.0000,0.2128
6.6300,0.0000,0.2023
6.6400,0.0000,0.1940
6.6500,0.0000,0.1860
6.6600,0.0000,0.1785
6.6700,0.0000,0.1712
6.6800,0.0000,0.1638
6.6900,0.0000,0.1565
6.7000,0.0000,0.1522
6.7100,0.0000,0.1495
6.7200,0.0000,0.1467
6.7300,0.0000,0.1432
6.7400,0.0000,0.1400
6.7500,0.0000,0.1373
6.7600,0.0000,0.1334
6.7700,0.0000,0.1284
6.7800,0.0394,0.1237
6.7900,0.0394,0.1196
6.8000,0.0394,0.1176
6.8100,0.0781,0.1161
6.8200,0.1167,0.1135
6.8300,0.1321,0.1118
6.8400,0.2100,0.1108
6.8500,0.2882,0.1110
6.8600,0.3039,0.1125
6.8700,0.3048,0.1153
6.8800,0.2896,0.1168
6.8900,0.2511,0.1169
6.9000,0.1729,0.1168
6.9100,0.1185,0.1169
6.9200,0.0790,0.1151
6.9300,0.0394,0.1109
6.9400,0.0000,0.1074
6.9500,0.0000,0.1029
6.9600,0.0000,0.0960
6.9700,0.0000,0.0893
6.9800,0.0000,0.0825
6.9900,0.0000,0.0744
7.0000,0.0000,0.0670
7.0100,0.0000,0.0606
7.0200,0.0000,0.0562
7.0300,0.0302,0.0519
7.0400,0.0601,0.0492
7.0500,0.0899,0.0469
7.0600,0.1197,0.0454
7.0700,0.1494,0.0444
7.0800,0.1498,0.0438
7.0900,0.1495,0.0435
7.1000,0.1493,0.0433
7.1100,0.1489,0.0436
7.1200,0.1484,0.0424
7.1300,0.1179,0.0407
7.1400,0.0881,0.0399
7.1500,0.0586,0.0375
7.1600,0.0292,0.0349
7.1700,0.0000,0.0325
7.1800,0.0000,0.0306
7.1900,0.0000,0.0271
7.2000,0.0000,0.0232
7.2100,0.0000,0.0204
7.2200,0.0000,0.0168
7.2300,0.0000,0.0132
7.2400,0.0000,0.0107
7.2500,0.0245,0.0085
7.2600,0.0658,0.0066
7.2700,0.1285,0.0041
7.2800,0.2061,0.0041
7.2900,0.3060,0.0059
7.3000,0.3954,0.0082
7.3100,0.4682,0.0117
7.3200,0.5185,0.0163
7.3300,0.5799,0.0212
7.3400,0.6429,0.0258
7.3500,0.6670,0.0305
7.3600,0.6596,0.0378
7.3700,0.6394,0.0451
7.3800,0.5705,0.0496
7.3900,0.4539,0.0534
7.4000,0.3605,0.0563
7.4100,0.2987,0.0576
7.4200,0.2377,0.0579
7.4300,0.1676,0.0590
7.4400,0.1214,0.0593
7.4500,0.0767,0.0562
7.4600,0.0318,0.0513
7.4700,0.0000,0.0472
7.4800,0.0000,0.0418
7.4900,0.0000,0.0350
7.5000,0.0000,0.0292
7.5100,0.0000,0.0244
7.5200,0.0000,0.0193
7.5300,0.0000,0.0167
7.5400,0.0000,0.0142
7.5500,0.0247,0.0106
7.5600,0.0549,0.0071
7.5700,0.0875,0.0056
7.5800,0.1261,0.0058
7.5900,0.1531,0.0062
7.6000,0.1533,0.0066
7.6100,0.1480,0.0076
7.6200,0.1453,0.0069
7.6300,0.1316,0.0061
7.6400,0.1294,0.0067
7.6500,0.1293,0.0067
7.6600,0.1293,0.0065
7.6700,0.1240,0.0063
7.6800,0.1236,0.0059
7.6900,0.1229,0.0052
7.7000,0.1222,0.0034
7.7100,0.1215,0.0017
7.7200,0.1208,0.0008
7.7300,0.1204,0.0002
7.7400,0.1202,0.0002
7.7500,0.1202,0.0002
7.7600,0.1254,0.0002
7.7700,0.1528,0.0002
7.7800,0.1927,0.0000
7.7900,0.2279,0.0008
7.8000,0.2664,0.0030
7.8100,0.3122,0.0051
7.8200,0.3350,0.0067
7.8300,0.3421,0.0092
7.8400,0.3612,0.0122
7.8500,0.3765,0.0145
7.8600,0.3557,0.0171
7.8700,0.3217,0.0202
7.8800,0.2820,0.0227
7.8900,0.2308,0.0231
7.9000,0.1529,0.0241
7.9100,0.0987,0.0236
7.9200,0.0585,0.0211
7.9300,0.0271,0.0186
7.9400,0.0000,0.0170
7.9500,0.0000,0.0145
7.9600,0.0000,0.0114
7.9700,0.0000,0.0081
7.9800,0.0298,0.0055
7.9900,0.0743,0.0024
8.0000,0.1137,0.0017
8.0100,0.1753,0.0030
8.0200,0.2671,0.0038
8.0300,0.3370,0.0046
8.0400,0.4037,0.0079
8.0500,0.5057,0.0119
8.0600,0.6051,0.0159
8.0700,0.6704,0.0212
8.0800,0.7390,0.0284
8.0900,0.8273,0.0357
8.1000,0.8833,0.0424
8.1100,0.9006,0.0508
8.1200,0.9315,0.0607
8.1300,0.9502,0.0688
8.1400,0.9077,0.0765
8.1500,0.8439,0.0855
8.1600,0.7829,0.0931
8.1700,0.6929,0.0986
8.1800,0.5806,0.1036
8.1900,0.4812,0.1073
8.2000,0.4008,0.1101
8.2100,0.3224,0.1112
8.2200,0.2630,0.1122
8.2300,0.2268,0.1128
8.2400,0.2076,0.1113
8.2500,0.1925,0.1101
8.2600,0.1918,0.1097
8.2700,0.2024,0.1078
8.2800,0.2508,0.1078
8.2900,0.3241,0.1076
8.3000,0.4197,0.1090
8.3100,0.5384,0.1129
8.3200,0.6668,0.1169
8.3300,0.7799,0.1231
8.3400,0.8681,0.1296
8.3500,0.9344,0.1380
8.3600,0.9776,0.1497
8.3700,1.0000,0.1624
8.3800,1.0000,0.1762
8.3900,1.0000,0.1892
8.4000,1.0000,0.2012
8.4100,1.0000,0.2141
8.4200,1.0000,0.2275
8.4300,0.9779,0.2395
8.4400,0.9305,0.2490
8.4500,0.8705,0.2564
8.4600,0.7874,0.2621
8.4700,0.6773,0.2666
8.4800,0.5595,0.2709
8.4900,0.4666,0.2729
8.5000,0.3863,0.2742
8.5100,0.3288,0.2721
8.5200,0.2982,0.2718
8.5300,0.2382,0.2699
8.5400,0.1785,0.2694
8.5500,0.1772,0.2671
8.5600,0.1760,0.2647
8.5700,0.1166,0.2617
8.5800,0.1166,0.2610
8.5900,0.1166,0.2585
8.6000,0.0583,0.2565
8.6100,0.0000,0.2527
8.6200,0.0000,0.2495
8.6300,0.0000,0.2455
8.6400,0.0000,0.2425
8.6500,0.0000,0.2389
8.6600,0.0000,0.2354
8.6700,0.0535,0.2310
8.6800,0.1069,0.2275
8.6900,0.1603,0.2248
8.7000,0.2140,0.2237
8.7100,0.2840,0.2237
8.7200,0.3122,0.2233
8.7300,0.3498,0.2237
8.7400,0.4073,0.2251
8.7500,0.4867,0.2268
8.7600,0.5518,0.2292
8.7700,0.5997,0.2329
8.7800,0.6470,0.2377
8.7900,0.6803,0.2416
8.8000,0.6740,0.2457
8.8100,0.6521,0.2506
8.8200,0.6345,0.2552
8.8300,0.5886,0.2581
8.8400,0.5156,0.2613
8.8500,0.4537,0.2639
8.8600,0.4112,0.2649
8.8700,0.3794,0.2653
8.8800,0.3675,0.2656
8.8900,0.3932,0.2666
8.9000,0.4385,0.2679
8.9100,0.4746,0.2689
8.9200,0.5259,0.2720
8.9300,0.6055,0.2744
8.9400,0.6756,0.2771
8.9500,0.7317,0.2821
8.9600,0.7856,0.2879
8.9700,0.8097,0.2936
8.9800,0.7896,0.2991
8.9900,0.7525,0.3042
9.0000,0.7106,0.3091
9.0100,0.6461,0.3124
9.0200,0.5692,0.3162
9.0300,0.5122,0.3188
9.0400,0.4720,0.3195
9.0500,0.4414,0.3202
9.0600,0.4590,0.3213
9.0700,0.5217,0.3227
9.0800,0.5889,0.3243
9.0900,0.6796,0.3279
9.1000,0.7858,0.3324
9.1100,0.8720,0.3368
9.1200,0.9307,0.3446
9.1300,0.9804,0.3537
9.1400,1.0000,0.3628
9.1500,1.0000,0.3715
9.1600,0.9868,0.3797
9.1700,0.9531,0.3885
9.1800,0.8592,0.3947
9.1900,0.6592,0.4006
9.2000,0.4592,0.4045
9.2100,0.2725,0.4037
9.2200,0.1061,0.4002
9.2300,0.0000,0.3950
9.2400,0.0000,0.3892
9.2500,0.0000,0.3802
9.2600,0.0000,0.3688
9.2700,0.0000,0.3568
9.2800,0.0000,0.3446
9.2900,0.0000,0.3325
9.3000,0.0000,0.3235
9.3100,0.0000,0.3175
9.3200,0.0640,0.3115
9.3300,0.1279,0.3067
9.3400,0.1994,0.3046
9.3500,0.2898,0.3037
9.3600,0.3918,0.3038
9.3700,0.4194,0.3045
9.3800,0.4462,0.3066
9.3900,0.4679,0.3086
9.4000,0.4556,0.3096
9.4100,0.4186,0.3115
9.4200,0.3921,0.3126
9.4300,0.3663,0.3129
9.4400,0.3379,0.3126
9.4500,0.3393,0.3116
9.4600,0.3576,0.3106
9.4700,0.3767,0.3112
9.4800,0.3931,0.3122
9.4900,0.4090,0.3132
9.5000,0.4101,0.3143
9.5100,0.4036,0.3150
9.5200,0.3850,0.3159
9.5300,0.3693,0.3166
9.5400,0.2887,0.3172
9.5500,0.2081,0.3165
9.5600,0.1312,0.3138
9.5700,0.0656,0.3109
9.5800,0.0000,0.3089
9.5900,0.0000,0.3052
9.6000,0.0000,0.3008
9.6100,0.0000,0.2965
9.6200,0.0000,0.2913
9.6300,0.0000,0.2869
9.6400,0.0000,0.2831
9.6500,0.0602,0.2803
9.6600,0.1227,0.2780
9.6700,0.1833,0.2755
9.6800,0.2435,0.2753
9.6900,0.3036,0.2757
9.7000,0.3036,0.2754
9.7100,0.3011,0.2754
9.7200,0.2405,0.2753
9.7300,0.1803,0.2740
9.7400,0.1201,0.2719
9.7500,0.0600,0.2682
9.7600,0.0000,0.2641
9.7700,0.0000,0.2595
9.7800,0.0000,0.2542
9.7900,0.0000,0.2484
9.8000,0.0000,0.2423
9.8100,0.0000,0.2356
9.8200,0.0000,0.2297
9.8300,0.0524,0.2243
9.8400,0.1123,0.2191
9.8500,0.2122,0.2163
9.8600,0.3361,0.2153
9.8700,0.4711,0.2171
9.8800,0.5654,0.2205
9.8900,0.6556,0.2248
9.9000,0.6963,0.2294
9.9100,0.6826,0.2349
9.9200,0.6173,0.2397
9.9300,0.5268,0.2442
9.9400,0.4329,0.2456
9.9500,0.2923,0.2456
9.9600,0.1821,0.2451
9.9700,0.1124,0.2433
9.9800,0.0562,0.2395
9.9900,0.0000,0.2348
10.0000,0.0000,0.2287
10.0100,0.0000,0.2226
10.0200,0.0000,0.2160
10.0300,0.0000,0.2102
10.0400,0.0000,0.2045
10.0500,0.0494,0.1993
10.0600,0.0987,0.1953
10.0700,0.1537,0.1936
10.0800,0.2156,0.1927
10.0900,0.2751,0.1929
10.1000,0.2752,0.1933
10.1100,0.2753,0.1943
10.1200,0.2696,0.1944
10.1300,0.2580,0.1935
10.1400,0.2478,0.1923
10.1500,0.2481,0.1924
10.1600,0.2525,0.1924
10.1700,0.2711,0.1924
10.1800,0.2980,0.1924
10.1900,0.3348,0.1929
10.2000,0.3779,0.1944
10.2100,0.4072,0.1959
10.2200,0.4226,0.1984
10.2300,0.4497,0.2006
10.2400,0.4817,0.2020
10.2500,0.4997,0.2041
10.2600,0.5128,0.2078
10.2700,0.5158,0.2114
10.2800,0.4869,0.2142
10.2900,0.4381,0.2162
10.3000,0.3925,0.2179
10.3100,0.3550,0.2187
10.3200,0.3216,0.2197
10.3300,0.2992,0.2200
10.3400,0.2870,0.2204
10.3500,0.2864,0.2198
10.3600,0.2938,0.2197
10.3700,0.3083,0.2203
10.3800,0.3294,0.2210
10.3900,0.3575,0.2217
10.4000,0.3879,0.2225
10.4100,0.4281,0.2240
10.4200,0.4760,0.2260
10.4300,0.5225,0.2285
10.4400,0.5596,0.2317
10.4500,0.5941,0.2351
10.4600,0.6175,0.2388
10.4700,0.6149,0.2424
10.4800,0.5943,0.2469
10.4900,0.5645,0.2504
10.5000,0.5147,0.2529
10.5100,0.4457,0.2550
10.5200,0.3907,0.2568
10.5300,0.3485,0.2574
10.5400,0.3133,0.2570
10.5500,0.2907,0.2565
10.5600,0.2873,0.2551
10.5700,0.2865,0.2533
10.5800,0.2882,0.2521
10.5900,0.3056,0.2512
10.6000,0.3418,0.2511
10.6100,0.3835,0.2515
10.6200,0.4320,0.2531
10.6300,0.4857,0.2554
10.6400,0.5310,0.2576
10.6500,0.5652,0.2606
10.6600,0.5867,0.2635
10.6700,0.5852,0.2673
10.6800,0.5617,0.2710
10.6900,0.5159,0.2739
10.7000,0.4486,0.2758
10.7100,0.3885,0.2771
10.7200,0.3448,0.2773
10.7300,0.3155,0.2766
10.7400,0.3014,0.2763
10.7500,0.3140,0.2759
10.7600,0.3704,0.2751
10.7700,0.4504,0.2742
10.7800,0.5558,0.2765
10.7900,0.6934,0.2804
10.8000,0.8204,0.2852
10.8100,0.9037,0.2917
10.8200,0.9634,0.2999
10.8300,0.9978,0.3092
10.8400,1.0000,0.3184
10.8500,1.0000,0.3281
10.8600,0.9737,0.3382
10.8700,0.9226,0.3462
10.8800,0.8244,0.3524
10.8900,0.6957,0.3575
10.9000,0.4957,0.3609
10.9100,0.3221,0.3608
10.9200,0.1732,0.3584
10.9300,0.0714,0.3558
10.9400,0.0000,0.3522
10.9500,0.0000,0.3478
10.9600,0.0000,0.3426
10.9700,0.0000,0.3381
10.9800,0.0671,0.3336
10.9900,0.1341,0.3293
11.0000,0.2059,0.3281
11.0100,0.2902,0.3279
11.0200,0.3785,0.3276
11.0300,0.3947,0.3284
11.0400,0.4163,0.3295
11.0500,0.4503,0.3307
11.0600,0.4728,0.3312
11.0700,0.4832,0.3330
11.0800,0.5012,0.3354
11.0900,0.5158,0.3372
11.1000,0.5064,0.3387
11.1100,0.4933,0.3408
11.1200,0.4972,0.3424
11.1300,0.5164,0.3438
11.1400,0.5556,0.3451
11.1500,0.6229,0.3474
11.1600,0.7043,0.3506
11.1700,0.7711,0.3553
11.1800,0.8136,0.3608
11.1900,0.8400,0.3665
11.2000,0.8379,0.3713
11.2100,0.8114,0.3764
11.2200,0.7724,0.3817
11.2300,0.7126,0.3859
11.2400,0.6210,0.3898
11.2500,0.5349,0.3919
11.2600,0.3864,0.3928
11.2700,0.2561,0.3921
11.2800,0.1529,0.3909
11.2900,0.0755,0.3876
11.3000,0.0000,0.3828
11.3100,0.0000,0.3768
11.3200,0.0000,0.3720
11.3300,0.0000,0.3670
11.3400,0.0000,0.3624
11.3500,0.0000,0.3573
11.3600,0.0745,0.3534
11.3700,0.1719,0.3496
11.3800,0.2709,0.3491
11.3900,0.3609,0.3501
11.4000,0.4527,0.3520
11.4100,0.4684,0.3532
11.4200,0.4472,0.3542
11.4300,0.4189,0.3555
11.4400,0.3997,0.3563
11.4500,0.3785,0.3561
11.4600,0.3589,0.3559
11.4700,0.3530,0.3550
11.4800,0.3526,0.3544
11.4900,0.3564,0.3531
11.5000,0.3773,0.3527
11.5100,0.4242,0.3527
11.5200,0.4881,0.3532
11.5300,0.5612,0.3550
11.5400,0.6316,0.3583
11.5500,0.6920,0.3618
11.5600,0.7412,0.3661
11.5700,0.7786,0.3698
11.5800,0.7962,0.3748
11.5900,0.7978,0.3799
11.6000,0.7811,0.3854
11.6100,0.7359,0.3893
11.6200,0.6726,0.3932
11.6300,0.6135,0.3958
11.6400,0.5602,0.3981
11.6500,0.5075,0.3993
11.6600,0.4714,0.4009
11.6700,0.4559,0.4011
11.6800,0.4423,0.4015
11.6900,0.4259,0.4020
11.7000,0.4300,0.4033
11.7100,0.4467,0.4033
11.7200,0.4617,0.4032
11.7300,0.4859,0.4043
11.7400,0.5256,0.4059
11.7500,0.5517,0.4076
11.7600,0.5570,0.4098
11.7700,0.5574,0.4119
11.7800,0.5487,0.4135
11.7900,0.5199,0.4150
11.8000,0.4858,0.4168
11.8100,0.4575,0.4177
11.8200,0.4280,0.4178
11.8300,0.4029,0.4172
11.8400,0.3150,0.4168
11.8500,0.2362,0.4162
11.8600,0.1574,0.4143
11.8700,0.1562,0.4120
11.8800,0.1551,0.4095
11.8900,0.2325,0.4080
11.9000,0.3168,0.4073
11.9100,0.4035,0.4066
11.9200,0.4330,0.4072
11.9300,0.4813,0.4074
11.9400,0.5289,0.4082
11.9500,0.5601,0.4106
11.9600,0.5897,0.4134
11.9700,0.6129,0.4157
11.9800,0.6124,0.4174
11.9900,0.5926,0.4197
12.0000,0.5625,0.4230
12.0100,0.5261,0.4247
12.0200,0.4754,0.4257
12.0300,0.4297,0.4253
12.0400,0.4039,0.4236
12.0500,0.3977,0.4222
12.0600,0.3971,0.4221
12.0700,0.3965,0.4217
12.0800,0.3965,0.4206
12.0900,0.4211,0.4188
12.1000,0.4656,0.4185
12.1100,0.5085,0.4189
12.1200,0.5444,0.4212
12.1300,0.5851,0.4237
12.1400,0.6143,0.4259
12.1500,0.6161,0.4275
12.1600,0.5957,0.4302
12.1700,0.5760,0.4333
12.1800,0.5471,0.4351
12.1900,0.5075,0.4355
12.2000,0.4957,0.4366
12.2100,0.5123,0.4366
12.2200,0.5292,0.4379
12.2300,0.5534,0.4401
12.2400,0.5908,0.4419
12.2500,0.6320,0.4434
12.2600,0.6786,0.4455
12.2700,0.7263,0.4487
12.2800,0.7651,0.4534
12.2900,0.7724,0.4575
12.3000,0.7471,0.4616
12.3100,0.6908,0.4651
12.3200,0.6167,0.4674
12.3300,0.4624,0.4699
12.3400,0.3240,0.4699
12.3500,0.1944,0.4681
12.3600,0.0857,0.4660
12.3700,0.0000,0.4619
12.3800,0.0000,0.4575
12.3900,0.0000,0.4529
12.4000,0.0000,0.4475
12.4100,0.0000,0.4419
12.4200,0.0807,0.4360
12.4300,0.1611,0.4335
12.4400,0.2504,0.4315
12.4500,0.3614,0.4299
12.4600,0.4841,0.4297
12.4700,0.5203,0.4309
12.4800,0.5489,0.4330
12.4900,0.5631,0.4354
12.5000,0.5586,0.4369
12.5100,0.5516,0.4384
12.5200,0.5365,0.4393
12.5300,0.5096,0.4411
12.5400,0.4061,0.4430
12.5500,0.2996,0.4433
12.5600,0.1839,0.4416
12.5700,0.0822,0.4393
12.5800,0.0000,0.4371
12.5900,0.0000,0.4351
12.6000,0.0000,0.4331
12.6100,0.0796,0.4300
12.6200,0.1591,0.4263
12.6300,0.2385,0.4235
12.6400,0.3178,0.4225
12.6500,0.4265,0.4221
12.6600,0.4853,0.4212
12.6700,0.5537,0.4215
12.6800,0.6282,0.4244
12.6900,0.7034,0.4279
12.7000,0.7418,0.4318
12.7100,0.7499,0.4359
12.7200,0.7568,0.4397
12.7300,0.7544,0.4430
12.7400,0.7290,0.4467
12.7500,0.6832,0.4509
12.7600,0.6429,0.4542
12.7700,0.6067,0.4558
12.7800,0.5577,0.4561
12.7900,0.5157,0.4582
12.8000,0.5004,0.4598
12.8100,0.4911,0.4602
12.8200,0.4740,0.4601
12.8300,0.4752,0.4604
12.8400,0.5069,0.4614
12.8500,0.5421,0.4622
12.8600,0.5547,0.4635
12.8700,0.5691,0.4659
12.8800,0.5958,0.4674
12.8900,0.5967,0.4685
12.9000,0.5760,0.4707
12.9100,0.5647,0.4734
12.9200,0.5435,0.4744
12.9300,0.4996,0.4749
12.9400,0.4664,0.4757
12.9500,0.4521,0.4758
12.9600,0.4400,0.4754
12.9700,0.4310,0.4740
12.9800,0.4301,0.4724
12.9900,0.4291,0.4705
13.0000,0.4283,0.4688
13.0100,0.4308,0.4682
13.0200,0.4453,0.4678
13.0300,0.4836,0.4678
13.0400,0.5369,0.4682
13.0500,0.5897,0.4694
13.0600,0.6442,0.4723
13.0700,0.6920,0.4751
13.0800,0.7120,0.4779
13.0900,0.7081,0.4813
13.1000,0.6938,0.4846
13.1100,0.6661,0.4874
13.1200,0.6156,0.4897
13.1300,0.5604,0.4912
13.1400,0.5141,0.4926
13.1500,0.4787,0.4922
13.1600,0.4517,0.4919
13.1700,0.4423,0.4917
13.1800,0.4416,0.4900
13.1900,0.3530,0.4885
13.2000,0.2644,0.4869
13.2100,0.1761,0.4847
13.2200,0.1748,0.4831
13.2300,0.1736,0.4807
13.2400,0.2655,0.4786
13.2500,0.3523,0.4776
13.2600,0.4390,0.4780
13.2700,0.4520,0.4782
13.2800,0.4778,0.4775
13.2900,0.4949,0.4773
13.3000,0.5178,0.4789
13.3100,0.5390,0.4801
13.3200,0.5280,0.4813
13.3300,0.5028,0.4825
13.3400,0.4851,0.4835
13.3500,0.4628,0.4827
13.3600,0.4422,0.4827
13.3700,0.4406,0.4831
13.3800,0.4402,0.4825
13.3900,0.4358,0.4805
13.4000,0.3484,0.4798
13.4100,0.2610,0.4793
13.4200,0.2599,0.4774
13.4300,0.2602,0.4740
13.4400,0.2661,0.4716
13.4500,0.3679,0.4717
13.4600,0.4795,0.4718
13.4700,0.5103,0.4724
13.4800,0.5502,0.4735
13.4900,0.6121,0.4752
13.5000,0.6730,0.4768
13.5100,0.6971,0.4796
13.5200,0.6985,0.4842
13.5300,0.6915,0.4878
13.5400,0.6545,0.4894
13.5500,0.5806,0.4910
13.5600,0.4450,0.4928
13.5700,0.3267,0.4942
13.5800,0.2066,0.4920
13.5900,0.0889,0.4893
13.6000,0.0000,0.4864
13.6100,0.0000,0.4835
13.6200,0.0000,0.4791
13.6300,0.0000,0.4723
13.6400,0.0000,0.4649
13.6500,0.0000,0.4569
13.6600,0.0000,0.4478
13.6700,0.0000,0.4385
13.6800,0.0000,0.4285
13.6900,0.0000,0.4180
13.7000,0.0000,0.4053
13.7100,0.0000,0.3942
13.7200,0.0000,0.3853
13.7300,0.0000,0.3791
13.7400,0.0775,0.3723
13.7500,0.1870,0.3684
13.7600,0.3305,0.3679
13.7700,0.5001,0.3689
13.7800,0.6681,0.3719
13.7900,0.7427,0.3766
13.8000,0.7909,0.3823
13.8100,0.8029,0.3868
13.8200,0.7608,0.3907
13.8300,0.6860,0.3958
13.8400,0.6106,0.3994
13.8500,0.4529,0.4014
13.8600,0.2974,0.4012
13.8700,0.1700,0.3994
13.8800,0.0767,0.3965
13.8900,0.0000,0.3909
13.9000,0.0000,0.3850
13.9100,0.0000,0.3753
13.9200,0.0000,0.3650
13.9300,0.0000,0.3540
13.9400,0.0000,0.3427
13.9500,0.0000,0.3325
13.9600,0.0000,0.3227
13.9700,0.0000,0.3142
13.9800,0.0000,0.3066
13.9900,0.0000,0.2969
14.0000,0.0000,0.2885
14.0100,0.0000,0.2799
14.0200,0.0000,0.2721
14.0300,0.0000,0.2654
14.0400,0.0000,0.2584
14.0500,0.0000,0.2515
14.0600,0.0000,0.2444
14.0700,0.0000,0.2361
14.0800,0.0000,0.2301
14.0900,0.0000,0.2230
14.1000,0.0000,0.2164
14.1100,0.0000,0.2083
14.1200,0.0000,0.2002
14.1300,0.0000,0.1927
14.1400,0.0000,0.1848
14.1500,0.0000,0.1765
14.1600,0.0000,0.1711
14.1700,0.0453,0.1665
14.1800,0.0905,0.1644
14.1900,0.1355,0.1624
14.2000,0.1805,0.1611
14.2100,0.2254,0.1601
14.2200,0.2249,0.1595
14.2300,0.1798,0.1594
14.2400,0.1348,0.1589
14.2500,0.0898,0.1567
14.2600,0.0885,0.1542
14.2700,0.0436,0.1514
14.2800,0.0436,0.1495
14.2900,0.0436,0.1481
14.3000,0.0436,0.1452
14.3100,0.0000,0.1413
14.3200,0.0000,0.1376
14.3300,0.0000,0.1343
14.3400,0.0000,0.1309
14.3500,0.0402,0.1283
14.3600,0.0802,0.1255
14.3700,0.1202,0.1236
14.3800,0.1601,0.1219
14.3900,0.1601,0.1214
14.4000,0.1590,0.1209
14.4100,0.1691,0.1181
14.4200,0.1895,0.1155
14.4300,0.1996,0.1160
14.4400,0.2391,0.1167
14.4500,0.2393,0.1183
14.4600,0.2293,0.1178
14.4700,0.2266,0.1168
14.4800,0.2620,0.1170
14.4900,0.2929,0.1169
14.5000,0.2963,0.1190
14.5100,0.2963,0.1219
14.5200,0.2786,0.1223
14.5300,0.2331,0.1222
14.5400,0.2025,0.1218
14.5500,0.1597,0.1212
14.5600,0.1589,0.1202
14.5700,0.1654,0.1177
14.5800,0.1723,0.1159
14.5900,0.1981,0.1171
14.6000,0.2688,0.1167
14.6100,0.3235,0.1179
14.6200,0.4115,0.1195
14.6300,0.5315,0.1213
14.6400,0.6514,0.1254
14.6500,0.7470,0.1315
14.6600,0.8016,0.1391
14.6700,0.8195,0.1471
14.6800,0.8005,0.1524
14.6900,0.7346,0.1585
14.7000,0.6368,0.1641
14.7100,0.5348,0.1696
14.7200,0.3825,0.1721
14.7300,0.2346,0.1720
14.7400,0.1150,0.1701
14.7500,0.0466,0.1656
14.7600,0.0000,0.1607
14.7700,0.0000,0.1533
14.7800,0.0000,0.1454
14.7900,0.0000,0.1356
14.8000,0.0000,0.1253
14.8100,0.0000,0.1171
14.8200,0.0000,0.1091
14.8300,0.0000,0.1008
14.8400,0.0000,0.0936
14.8500,0.0000,0.0867
14.8600,0.0000,0.0823
14.8700,0.0000,0.0771
14.8800,0.0000,0.0734
14.8900,0.0327,0.0705
14.9000,0.0705,0.0675
14.9100,0.1128,0.0662
14.9200,0.1725,0.0664
14.9300,0.2669,0.0668
14.9400,0.3477,0.0675
14.9500,0.4300,0.0697
14.9600,0.5208,0.0742
14.9700,0.5940,0.0784
14.9800,0.6252,0.0835
14.9900,0.6345,0.0891
15.0000,0.6249,0.0941
15.0100,0.5828,0.0988
15.0200,0.5259,0.1034
15.0300,0.4607,0.1067
15.0400,0.3833,0.1092
15.0500,0.3114,0.1108
15.0600,0.2589,0.1115
15.0700,0.1830,0.1115
15.0800,0.1225,0.1108
15.0900,0.0772,0.1084
15.1000,0.0386,0.1047
15.1100,0.0000,0.1016
15.1200,0.0363,0.0992
15.1300,0.0724,0.0956
15.1400,0.1082,0.0933
15.1500,0.1438,0.0922
15.1600,0.1954,0.0900
15.1700,0.2152,0.0885
15.1800,0.2477,0.0891
15.1900,0.3033,0.0902
15.2000,0.3534,0.0913
15.2100,0.3638,0.0938
15.2200,0.3720,0.0973
15.2300,0.3692,0.0991
15.2400,0.3251,0.1000
15.2500,0.2875,0.1021
15.2600,0.2761,0.1031
15.2700,0.2496,0.1031
15.2800,0.1838,0.1043
15.2900,0.1364,0.1045
15.3000,0.0883,0.1026
15.3100,0.0377,0.0998
15.3200,0.0000,0.0970
15.3300,0.0000,0.0934
15.3400,0.0000,0.0883
15.3500,0.0000,0.0845
15.3600,0.0000,0.0806
15.3700,0.0000,0.0753
15.3800,0.0000,0.0708
15.3900,0.0000,0.0671
15.4000,0.0317,0.0626
15.4100,0.0633,0.0593
15.4200,0.0988,0.0584
15.4300,0.1491,0.0582
15.4400,0.1982,0.0581
15.4500,0.2171,0.0586
15.4600,0.2648,0.0601
15.4700,0.3182,0.0605
15.4800,0.3367,0.0621
15.4900,0.3519,0.0656
15.5000,0.3659,0.0683
15.5100,0.3312,0.0695
15.5200,0.2826,0.0717
15.5300,0.2730,0.0729
15.5400,0.2720,0.0729
15.5500,0.2556,0.0737
15.5600,0.2684,0.0756
15.5700,0.3016,0.0769
15.5800,0.3139,0.0772
15.5900,0.3302,0.0794
15.6000,0.3930,0.0814
15.6100,0.4545,0.0834
15.6200,0.4883,0.0863
15.6300,0.5250,0.0916
15.6400,0.5490,0.0953
15.6500,0.5266,0.0993
15.6600,0.4914,0.1030
15.6700,0.4711,0.1065
15.6800,0.4269,0.1085
15.6900,0.3652,0.1114
15.7000,0.3155,0.1138
15.7100,0.2708,0.1142
15.7200,0.2225,0.1141
15.7300,0.1969,0.1134
15.7400,0.1933,0.1121
15.7500,0.1543,0.1101
15.7600,0.1532,0.1088
15.7700,0.1520,0.1065
15.7800,0.1509,0.1047
15.7900,0.1497,0.1032
15.8000,0.1867,0.1014
15.8100,0.1857,0.0996
15.8200,0.1940,0.0987
15.8300,0.2245,0.0977
15.8400,0.2652,0.0976
15.8500,0.3047,0.0987
15.8600,0.3623,0.1009
15.8700,0.4180,0.1031
15.8800,0.4345,0.1052
15.8900,0.4405,0.1093
15.9000,0.4587,0.1121
15.9100,0.4580,0.1142
15.9200,0.4380,0.1169
15.9300,0.4310,0.1202
15.9400,0.4177,0.1228
15.9500,0.3861,0.1247
15.9600,0.3601,0.1268
15.9700,0.3651,0.1280
15.9800,0.3840,0.1292
15.9900,0.4009,0.1309
16.0000,0.4217,0.1342
16.0100,0.4479,0.1368
16.0200,0.4613,0.1391
16.0300,0.4721,0.1414
16.0400,0.4955,0.1447
16.0500,0.5292,0.1476
16.0600,0.5517,0.1516
16.0700,0.5610,0.1548
16.0800,0.5611,0.1596
16.0900,0.5436,0.1626
16.1000,0.4992,0.1665
16.1100,0.4497,0.1693
16.1200,0.4085,0.1716
16.1300,0.3817,0.1722
16.1400,0.3658,0.1739
16.1500,0.3505,0.1745
16.1600,0.3407,0.1775
16.1700,0.3368,0.1777
16.1800,0.3302,0.1786
16.1900,0.3428,0.1788
16.2000,0.3735,0.1804
16.2100,0.3805,0.1816
16.2200,0.3659,0.1850
16.2300,0.3407,0.1860
16.2400,0.2989,0.1867
16.2500,0.2588,0.1861
16.2600,0.1947,0.1855
16.2700,0.1451,0.1852
16.2800,0.0967,0.1835
16.2900,0.0483,0.1803
16.3000,0.0000,0.1775
16.3100,0.0000,0.1728
16.3200,0.0000,0.1683
16.3300,0.0000,0.1647
16.3400,0.0000,0.1587
16.3500,0.0000,0.1543
16.3600,0.0431,0.1499
16.3700,0.0859,0.1468
16.3800,0.1285,0.1454
16.3900,0.1710,0.1434
16.4000,0.2134,0.1417
16.4100,0.2136,0.1406
16.4200,0.2132,0.1400
16.4300,0.2128,0.1403
16.4400,0.1704,0.1401
16.4500,0.1280,0.1389
16.4600,0.0846,0.1370
16.4700,0.0422,0.1338
16.4800,0.0000,0.1316
16.4900,0.0000,0.1288
16.5000,0.0000,0.1245
16.5100,0.0000,0.1197
16.5200,0.0000,0.1154
16.5300,0.0000,0.1108
16.5400,0.0376,0.1078
16.5500,0.0750,0.1052
16.5600,0.1469,0.1035
16.5700,0.2570,0.1022
16.5800,0.3688,0.1020
16.5900,0.4627,0.1060
16.6000,0.5711,0.1098
16.6100,0.6445,0.1140
16.6200,0.6844,0.1199
16.6300,0.7115,0.1255
16.6400,0.6986,0.1313
16.6500,0.6365,0.1374
16.6600,0.5450,0.1418
16.6700,0.4464,0.1456
16.6800,0.3560,0.1463
16.6900,0.2807,0.1468
16.7000,0.1970,0.1472
16.7100,0.1433,0.1473
16.7200,0.0919,0.1445
16.7300,0.0433,0.1414
16.7400,0.0414,0.1380
16.7500,0.0827,0.1352
16.7600,0.1239,0.1328
16.7700,0.1650,0.1317
16.7800,0.2088,0.1312
16.7900,0.2399,0.1302
16.8000,0.2543,0.1290
16.8100,0.2562,0.1305
16.8200,0.2595,0.1324
16.8300,0.2571,0.1321
16.8400,0.1847,0.1326
16.8500,0.1289,0.1324
16.8600,0.0858,0.1306
16.8700,0.0414,0.1277
16.8800,0.0000,0.1239
16.8900,0.0000,0.1182
16.9000,0.0000,0.1110
16.9100,0.0000,0.1036
16.9200,0.0000,0.0969
16.9300,0.0000,0.0900
16.9400,0.0000,0.0833
16.9500,0.0000,0.0765
16.9600,0.0000,0.0700
16.9700,0.0000,0.0643
16.9800,0.0000,0.0606
16.9900,0.0000,0.0566
17.0000,0.0000,0.0528
17.0100,0.0297,0.0494
17.0200,0.0592,0.0459
17.0300,0.0887,0.0432
17.0400,0.1179,0.0422
17.0500,0.1470,0.0415
17.0600,0.1741,0.0400
17.0700,0.2201,0.0389
17.0800,0.2794,0.0399
17.0900,0.3415,0.0419
17.1000,0.3978,0.0449
17.1100,0.4310,0.0483
17.1200,0.4612,0.0515
17.1300,0.4792,0.0542
17.1400,0.4973,0.0579
17.1500,0.5210,0.0623
17.1600,0.5188,0.0660
17.1700,0.4725,0.0706
17.1800,0.4028,0.0743
17.1900,0.3274,0.0765
17.2000,0.2183,0.0770
17.2100,0.1642,0.0768
17.2200,0.1382,0.0748
17.2300,0.1346,0.0730
17.2400,0.1005,0.0724
17.2500,0.1005,0.0719
17.2600,0.0669,0.0693
17.2700,0.0334,0.0659
17.2800,0.0315,0.0633
17.2900,0.0728,0.0600
17.3000,0.1068,0.0570
17.3100,0.1383,0.0575
17.3200,0.1698,0.0580
17.3300,0.1697,0.0578
17.3400,0.1595,0.0568
17.3500,0.1564,0.0559
17.3600,0.1727,0.0544
17.3700,0.1784,0.0522
17.3800,0.1781,0.0527
17.3900,0.1469,0.0540
17.4000,0.1161,0.0534
17.4100,0.0682,0.0516
17.4200,0.0310,0.0485
17.4300,0.0000,0.0439
17.4400,0.0000,0.0377
17.4500,0.0000,0.0329
17.4600,0.0000,0.0287
17.4700,0.0000,0.0249
17.4800,0.0000,0.0198
17.4900,0.0000,0.0140
17.5000,0.0243,0.0086
17.5100,0.0486,0.0046
17.5200,0.0728,0.0023
17.5300,0.0971,0.0020
17.5400,0.1212,0.0020
17.5500,0.1209,0.0019
17.5600,0.1206,0.0007
17.5700,0.1203,0.0000
17.5800,0.1201,0.0000
17.5900,0.1200,0.0000
17.6000,0.1200,0.0000
17.6100,0.1200,0.0000
17.6200,0.1200,0.0000
17.6300,0.1200,0.0000
17.6400,0.1200,0.0000
17.6500,0.1200,0.0000
17.6600,0.1200,0.0000
17.6700,0.1200,0.0000
17.6800,0.1200,0.0000
17.6900,0.1200,0.0000
17.7000,0.1200,0.0000
17.7100,0.1200,0.0000
17.7200,0.1200,0.0000
17.7300,0.1200,0.0000
17.7400,0.1200,0.0000
17.7500,0.1200,0.0000
17.7600,0.1200,0.0000
17.7700,0.1200,0.0000
17.7800,0.1200,0.0000
17.7900,0.1200,0.0000
17.8000,0.1200,0.0000
17.8100,0.1200,0.0000
17.8200,0.1200,0.0000
17.8300,0.1200,0.0000
17.8400,0.1200,0.0000
17.8500,0.1200,0.0000
17.8600,0.1200,0.0000
17.8700,0.1200,0.0000
17.8800,0.1200,0.0000
17.8900,0.1200,0.0000
17.9000,0.1200,0.0000
17.9100,0.1200,0.0000
17.9200,0.1200,0.0000
17.9300,0.1200,0.0000
17.9400,0.1200,0.0000
17.9500,0.1200,0.0000
17.9600,0.1200,0.0000
17.9700,0.1200,0.0000
17.9800,0.1200,0.0000
17.9900,0.1200,0.0000
18.0000,0.1200,0.0000
18.0100,0.1200,0.0000
18.0200,0.1200,0.0000
18.0300,0.1200,0.0000
18.0400,0.1200,0.0000
18.0500,0.1200,0.0000
18.0600,0.1200,0.0000
18.0700,0.1200,0.0000
18.0800,0.1200,0.0000
18.0900,0.1200,0.0000
18.1000,0.1200,0.0000
18.1100,0.1200,0.0000
